,session_id,user_id,music_id,previous_value,new_value,updated_value
0,540.0,5,9,0.0,0.3233173713088035,0.1616586856544017
0,540.0,5,15,0.1616586856544017,0.5156675378481547,0.3386631117512781
0,540.0,5,23,0.3386631117512781,0.3657737622658412,0.3522184370085596
0,540.0,5,38,0.3522184370085596,0.3821025416254997,0.3671604893170296
0,540.0,5,39,0.3671604893170296,0.4190204739570617,0.3930904816370457
0,540.0,5,48,0.3930904816370457,0.5253203213214874,0.4592054014792666
0,540.0,5,72,0.4592054014792666,0.3315615765750408,0.3953834890271537
0,540.0,5,91,0.3953834890271537,0.3265796254078547,0.3609815572175042
0,540.0,5,99,0.3609815572175042,0.305927317057337,0.3334544371374206
0,544.0,16,91,0.0,0.4341192444165547,0.2170596222082773
0,545.0,16,9,0.2170596222082773,0.3681529641151428,0.29260629316171
0,545.0,16,91,0.29260629316171,0.4736530582110087,0.3831296756863593
0,549.0,16,39,0.3831296756863593,0.3986428678035736,0.3908862717449665
0,549.0,16,91,0.3908862717449665,0.3626842796802521,0.3767852757126093
0,557.0,8,39,0.0,0.2652551233768463,0.1326275616884231
0,557.0,8,91,0.1326275616884231,0.3860349059104919,0.2593312337994575
0,560.0,14,22,0.0,0.3743154605229695,0.1871577302614847
0,560.0,14,29,0.1871577302614847,0.3367825150489807,0.2619701226552327
0,560.0,14,67,0.2619701226552327,0.3334990739822387,0.2977345983187357
0,560.0,14,96,0.2977345983187357,0.4332253001630306,0.3654799492408832
0,562.0,7,42,0.0,0.2914919823408127,0.1457459911704063
0,562.0,7,49,0.1457459911704063,0.2810177803039551,0.2133818857371807
0,562.0,7,84,0.2133818857371807,0.3908577561378479,0.3021198209375143
0,563.0,5,11,0.3334544371374206,0.4504767755667369,0.3919656063520788
0,563.0,5,15,0.3919656063520788,0.371535857518514,0.3817507319352964
0,563.0,5,20,0.3817507319352964,0.4147298733393351,0.3982403026373158
0,563.0,5,21,0.3982403026373158,0.3121785037219524,0.3552094031796341
0,563.0,5,42,0.3552094031796341,0.4377351999282837,0.3964723015539589
0,563.0,5,45,0.3964723015539589,0.2664229373137156,0.3314476194338372
0,563.0,5,49,0.3314476194338372,0.3277310244739055,0.3295893219538713
0,563.0,5,60,0.3295893219538713,0.3048275485634804,0.3172084352586758
0,563.0,5,72,0.3172084352586758,0.2528964150696993,0.2850524251641875
0,565.0,6,9,0.0,0.3326654195785522,0.1663327097892761
0,565.0,6,48,0.1663327097892761,0.3015744984149933,0.2339536041021347
0,565.0,6,91,0.2339536041021347,0.3460409839948018,0.2899972940484682
0,565.0,6,99,0.2899972940484682,0.3477712273597717,0.3188842607041199
0,567.0,16,15,0.3767852757126093,0.4743824005126953,0.4255838381126523
0,567.0,16,20,0.4255838381126523,0.4902074337005615,0.4578956359066069
0,567.0,16,23,0.4578956359066069,0.4652016162872314,0.4615486260969191
0,567.0,16,38,0.4615486260969191,0.4951176196336746,0.4783331228652968
0,567.0,16,60,0.4783331228652968,0.5198825001716614,0.499107811518479
0,567.0,16,72,0.499107811518479,0.5102777481079102,0.5046927798131946
0,568.0,17,39,0.0,0.5737778345743815,0.2868889172871907
0,571.0,14,9,0.3654799492408832,0.3545308947563171,0.3600054219986002
0,571.0,14,99,0.3600054219986002,0.3292993967022214,0.3446524093504108
0,572.0,16,11,0.5046927798131946,0.5549601316452026,0.5298264557291986
0,572.0,16,15,0.5298264557291986,0.4433681766192118,0.4865973161742052
0,572.0,16,20,0.4865973161742052,0.5167773763338724,0.5016873462540388
0,572.0,16,21,0.5016873462540388,0.5274021849036217,0.5145447655788302
0,572.0,16,49,0.5145447655788302,0.4496272504329681,0.4820860080058992
0,572.0,16,60,0.4820860080058992,0.6113407760858536,0.5467133920458764
0,572.0,16,72,0.5467133920458764,0.5000944137573242,0.5234039029016003
0,573.0,16,9,0.5234039029016003,0.5673721035321554,0.5453880032168779
0,573.0,16,91,0.5453880032168779,0.4866213202476501,0.516004661732264
0,573.0,16,99,0.516004661732264,0.534303605556488,0.525154133644376
0,576.0,14,99,0.3446524093504108,0.2596536810908998,0.3021530452206553
0,578.0,14,23,0.3021530452206553,0.2173828606804212,0.2597679529505382
0,578.0,14,38,0.2597679529505382,0.2831940241158008,0.2714809885331695
0,578.0,14,48,0.2714809885331695,0.3690174520015716,0.3202492202673705
0,582.0,6,38,0.3188842607041199,0.3247608616948128,0.3218225611994663
0,582.0,6,48,0.3218225611994663,0.4422700802485148,0.3820463207239906
0,582.0,6,72,0.3820463207239906,0.2858028560876846,0.3339245884058376
0,583.0,6,15,0.3339245884058376,0.2887032330036163,0.3113139107047269
0,583.0,6,23,0.3113139107047269,0.4123187611500422,0.3618163359273846
0,583.0,6,38,0.3618163359273846,0.2885390967130661,0.3251777163202253
0,583.0,6,72,0.3251777163202253,0.3222338631749153,0.3237057897475703
0,585.0,5,4,0.2850524251641875,0.3141751810908317,0.2996138031275096
0,585.0,5,5,0.2996138031275096,0.3760398825009663,0.337826842814238
0,585.0,5,7,0.337826842814238,0.4590120315551758,0.3984194371847069
0,585.0,5,11,0.3984194371847069,0.4102244178454081,0.4043219275150575
0,585.0,5,14,0.4043219275150575,0.3416128247976303,0.3729673761563439
0,585.0,5,17,0.3729673761563439,0.3260614648461342,0.349514420501239
0,585.0,5,19,0.349514420501239,0.3761744797229767,0.3628444501121078
0,585.0,5,21,0.3628444501121078,0.3174484334886074,0.3401464418003576
0,585.0,5,42,0.3401464418003576,0.2831356167793274,0.3116410292898425
0,585.0,5,46,0.3116410292898425,0.3118551939725876,0.3117481116312151
0,585.0,5,49,0.3117481116312151,0.4665834158658981,0.3891657637485566
0,585.0,5,54,0.3891657637485566,0.3128664096196492,0.3510160866841029
0,585.0,5,68,0.3510160866841029,0.2768018960952759,0.3139089913896894
0,585.0,5,73,0.3139089913896894,0.404679000377655,0.3592939958836722
0,585.0,5,84,0.3592939958836722,0.3569112688302994,0.3581026323569858
0,585.0,5,87,0.3581026323569858,0.3719249367713928,0.3650137845641893
0,585.0,5,89,0.3650137845641893,0.4037293394406636,0.3843715620024265
0,588.0,5,2,0.3843715620024265,0.4120371341705322,0.3982043480864793
0,588.0,5,27,0.3982043480864793,0.3039974737912416,0.3511009109388605
0,588.0,5,33,0.3511009109388605,0.3039781351884206,0.3275395230636405
0,588.0,5,50,0.3275395230636405,0.3725374241669972,0.3500384736153188
0,588.0,5,78,0.3500384736153188,0.335086852312088,0.3425626629637034
0,588.0,5,88,0.3425626629637034,0.2412223778665065,0.291892520415105
0,588.0,5,90,0.291892520415105,0.3585386425256729,0.325215581470389
0,589.0,5,1,0.325215581470389,0.3359619826078415,0.3305887820391152
0,589.0,5,61,0.3305887820391152,0.3955865204334259,0.3630876512362705
0,592.0,6,11,0.3237057897475703,0.3542939027150472,0.3389998462313087
0,592.0,6,42,0.3389998462313087,0.2730220705270767,0.3060109583791927
0,592.0,6,46,0.3060109583791927,0.3201428294181824,0.3130768938986875
0,592.0,6,49,0.3130768938986875,0.2899006307125091,0.3014887623055983
0,592.0,6,84,0.3014887623055983,0.3251300871372223,0.3133094247214103
0,595.0,6,7,0.3133094247214103,0.3482883671919505,0.3307988959566804
0,595.0,6,14,0.3307988959566804,0.3410701851050059,0.3359345405308431
0,595.0,6,50,0.3359345405308431,0.4248518943786621,0.3803932174547526
0,595.0,6,68,0.3803932174547526,0.3507596969604492,0.3655764572076009
0,595.0,6,87,0.3655764572076009,0.2569680611292521,0.3112722591684265
0,595.0,6,88,0.3112722591684265,0.251510997613271,0.2813916283908487
0,596.0,14,15,0.3202492202673705,0.3575375626484553,0.3388933914579129
0,596.0,14,20,0.3388933914579129,0.2491400837898254,0.2940167376238691
0,596.0,14,23,0.2940167376238691,0.2216703568895658,0.2578435472567174
0,596.0,14,38,0.2578435472567174,0.2684492692351341,0.2631464082459257
0,596.0,14,48,0.2631464082459257,0.4166641533374786,0.3399052807917022
0,596.0,14,60,0.3399052807917022,0.3660419210791588,0.3529736009354305
0,596.0,14,72,0.3529736009354305,0.2926306966692209,0.3228021488023257
0,597.0,5,3,0.3630876512362705,0.3320340812206268,0.3475608662284487
0,597.0,5,12,0.3475608662284487,0.2903593573719263,0.3189601118001874
0,597.0,5,25,0.3189601118001874,0.2879318483173847,0.3034459800587861
0,597.0,5,35,0.3034459800587861,0.2118527094523112,0.2576493447555486
0,597.0,5,36,0.2576493447555486,0.2760586179792881,0.2668539813674183
0,597.0,5,44,0.2668539813674183,0.3555208047231038,0.311187393045261
0,597.0,5,63,0.311187393045261,0.1886962279677391,0.2499418105065
0,597.0,5,71,0.2499418105065,0.3566258363425731,0.3032838234245366
0,597.0,5,75,0.3032838234245366,0.2889486749966939,0.2961162492106152
0,597.0,5,77,0.2961162492106152,0.3558057943979899,0.3259610218043025
0,597.0,5,83,0.3259610218043025,0.3189491853117943,0.3224551035580484
0,598.0,6,22,0.2813916283908487,0.3087003231048584,0.2950459757478535
0,598.0,6,29,0.2950459757478535,0.328860859076182,0.3119534174120177
0,598.0,6,39,0.3119534174120177,0.4473672310511271,0.3796603242315724
0,598.0,6,91,0.3796603242315724,0.2859147389729817,0.3327875316022771
0,599.0,6,18,0.3327875316022771,0.3665277745042528,0.3496576530532649
0,599.0,6,26,0.3496576530532649,0.2588342636823654,0.3042459583678151
0,599.0,6,67,0.3042459583678151,0.2603684812784195,0.2823072198231173
0,601.0,16,48,0.525154133644376,0.4641090333461761,0.4946315834952761
0,601.0,16,91,0.4946315834952761,0.5896592736244202,0.5421454285598482
0,601.0,16,99,0.5421454285598482,0.5179571253912789,0.5300512769755635
0,602.0,15,38,0.0,0.3274499575297038,0.1637249787648519
0,603.0,6,11,0.2823072198231173,0.2859372993310292,0.2841222595770732
0,603.0,6,42,0.2841222595770732,0.3205433547496795,0.3023328071633764
0,603.0,6,49,0.3023328071633764,0.3291236460208893,0.3157282265921328
0,606.0,13,91,0.0,0.4293993314107259,0.2146996657053629
0,608.0,14,72,0.3228021488023257,0.2907512225210666,0.3067766856616962
0,609.0,6,23,0.3157282265921328,0.443847914536794,0.3797880705644634
0,609.0,6,38,0.3797880705644634,0.3848599791526794,0.3823240248585714
0,609.0,6,48,0.3823240248585714,0.3874329328536987,0.3848784788561351
0,610.0,15,11,0.1637249787648519,0.3038002004226048,0.2337625895937283
0,610.0,15,15,0.2337625895937283,0.1707226385672887,0.2022426140805085
0,610.0,15,21,0.2022426140805085,0.2687994129955768,0.2355210135380426
0,610.0,15,23,0.2355210135380426,0.1758198042710622,0.2056704089045524
0,610.0,15,38,0.2056704089045524,0.2148952446877956,0.210282826796174
0,610.0,15,45,0.210282826796174,0.243774284919103,0.2270285558576384
0,610.0,15,48,0.2270285558576384,0.2123164311051368,0.2196724934813876
0,610.0,15,60,0.2196724934813876,0.2303754352033138,0.2250239643423507
0,610.0,15,72,0.2250239643423507,0.251574981957674,0.2382994731500123
0,611.0,15,9,0.2382994731500123,0.345378577709198,0.2918390254296051
0,611.0,15,15,0.2918390254296051,0.2886211673418681,0.2902300963857366
0,611.0,15,23,0.2902300963857366,0.2438026865323384,0.2670163914590375
0,611.0,15,39,0.2670163914590375,0.2835765977700551,0.2752964946145463
0,611.0,15,48,0.2752964946145463,0.3412514105439186,0.3082739525792324
0,611.0,15,91,0.3082739525792324,0.3403666814168294,0.3243203169980309
0,611.0,15,99,0.3243203169980309,0.3042740800551006,0.3142971985265657
0,613.0,14,48,0.3067766856616962,0.424566775560379,0.3656717306110376
0,615.0,14,45,0.3656717306110376,0.3430618519584338,0.3543667912847357
0,615.0,14,60,0.3543667912847357,0.5221854150295258,0.4382761031571307
0,616.0,16,9,0.5300512769755635,0.4857000360886256,0.5078756565320945
0,616.0,16,39,0.5078756565320945,0.5338263213634491,0.5208509889477718
0,616.0,16,91,0.5208509889477718,0.4233940169215202,0.472122502934646
0,616.0,16,99,0.472122502934646,0.4330861568450928,0.4526043298898694
0,617.0,14,5,0.4382761031571307,0.3029097119967143,0.3705929075769225
0,617.0,14,17,0.3705929075769225,0.2899651117622852,0.3302790096696039
0,617.0,14,73,0.3302790096696039,0.4520512074232101,0.391165108546407
0,617.0,14,100,0.391165108546407,0.2626403346657753,0.3269027216060911
0,619.0,6,11,0.3848784788561351,0.3079428921143214,0.3464106854852282
0,619.0,6,21,0.3464106854852282,0.3012512177228927,0.3238309516040605
0,619.0,6,45,0.3238309516040605,0.2896670202414195,0.30674898592274
0,619.0,6,60,0.30674898592274,0.2516169622540474,0.2791829740883937
0,620.0,5,3,0.3224551035580484,0.2845110495885213,0.3034830765732849
0,620.0,5,8,0.3034830765732849,0.2939803808927536,0.2987317287330192
0,620.0,5,13,0.2987317287330192,0.335738262959889,0.3172349958464541
0,620.0,5,52,0.3172349958464541,0.4628018140792846,0.3900184049628694
0,620.0,5,53,0.3900184049628694,0.3010858744382858,0.3455521397005776
0,620.0,5,71,0.3455521397005776,0.3018015325069427,0.3236768361037602
0,620.0,5,77,0.3236768361037602,0.2511640588442485,0.2874204474740043
0,620.0,5,93,0.2874204474740043,0.2937121192614237,0.290566283367714
0,620.0,5,94,0.290566283367714,0.2761547863483429,0.2833605348580285
0,622.0,5,52,0.2833605348580285,0.2622415959835052,0.2728010654207669
0,622.0,5,53,0.2728010654207669,0.3172759264707565,0.2950384959457617
0,622.0,5,93,0.2950384959457617,0.3157144946356614,0.3053764952907115
0,622.0,5,102,0.3053764952907115,0.3359810441732406,0.320678769731976
0,623.0,14,42,0.3269027216060911,0.3411491364240646,0.3340259290150779
0,624.0,6,73,0.2791829740883937,0.2533451343576113,0.2662640542230025
0,624.0,6,100,0.2662640542230025,0.307408969849348,0.2868365120361753
0,625.0,14,4,0.3340259290150779,0.262696485966444,0.2983612074907609
0,625.0,14,54,0.2983612074907609,0.2796360353628794,0.2889986214268202
0,625.0,14,89,0.2889986214268202,0.4250835279623667,0.3570410746945934
0,626.0,15,5,0.3142971985265657,0.2103871802488962,0.2623421893877309
0,626.0,15,17,0.2623421893877309,0.2721987776458263,0.2672704835167786
0,626.0,15,73,0.2672704835167786,0.2175988182425499,0.2424346508796642
0,626.0,15,82,0.2424346508796642,0.1807959694415331,0.2116153101605986
0,628.0,16,20,0.4526043298898694,0.5130643844604492,0.4828343571751593
0,628.0,16,21,0.4828343571751593,0.4954413771629333,0.4891378671690463
0,628.0,16,45,0.4891378671690463,0.5266417562961578,0.5078898117326021
0,628.0,16,60,0.5078898117326021,0.4966350644826889,0.5022624381076455
0,629.0,14,4,0.3570410746945934,0.3736018886168797,0.3653214816557366
0,629.0,14,17,0.3653214816557366,0.4089151136577129,0.3871182976567248
0,629.0,14,54,0.3871182976567248,0.2361644109090169,0.3116413542828709
0,630.0,14,1,0.3116413542828709,0.31363312403361,0.3126372391582405
0,630.0,14,24,0.3126372391582405,0.3949918697277705,0.3538145544430054
0,630.0,14,61,0.3538145544430054,0.4097864031791687,0.381800478811087
0,631.0,6,20,0.2868365120361753,0.3125044107437134,0.2996704613899443
0,631.0,6,60,0.2996704613899443,0.3877902776002884,0.3437303694951164
0,632.0,16,46,0.5022624381076455,0.6200495481491088,0.5611559931283772
0,632.0,16,84,0.5611559931283772,0.5736887812614441,0.5674223871949107
0,633.0,6,99,0.3437303694951164,0.319050201347896,0.3313902854215061
0,634.0,14,43,0.381800478811087,0.2838735928138097,0.3328370358124483
0,634.0,14,47,0.3328370358124483,0.5455911159515381,0.4392140758819932
0,635.0,6,20,0.3313902854215061,0.2885607580343882,0.3099755217279472
0,635.0,6,45,0.3099755217279472,0.3823681175708771,0.3461718196494121
0,635.0,6,60,0.3461718196494121,0.410218708217144,0.378195263933278
0,636.0,7,3,0.3021198209375143,0.3083794911702474,0.3052496560538809
0,636.0,7,25,0.3052496560538809,0.3420473337173462,0.3236484948856135
0,636.0,7,35,0.3236484948856135,0.2943579157193501,0.3090032053024818
0,636.0,7,36,0.3090032053024818,0.3619821816682815,0.3354926934853817
0,636.0,7,63,0.3354926934853817,0.3312978148460388,0.3333952541657102
0,636.0,7,65,0.3333952541657102,0.3735444247722626,0.3534698394689863
0,636.0,7,71,0.3534698394689863,0.3372975513339042,0.3453836954014453
0,636.0,7,75,0.3453836954014453,0.2828283011913299,0.3141059982963876
0,636.0,7,83,0.3141059982963876,0.3305748850107193,0.3223404416535534
0,636.0,7,92,0.3223404416535534,0.3155380636453628,0.3189392526494581
0,638.0,15,4,0.2116153101605986,0.1978975236415863,0.2047564169010924
0,638.0,15,54,0.2047564169010924,0.2744462043046951,0.2396013106028937
0,639.0,5,73,0.320678769731976,0.2908685803413391,0.3057736750366575
0,641.0,5,9,0.3057736750366575,0.3481602370738983,0.3269669560552779
0,641.0,5,99,0.3269669560552779,0.392402708530426,0.359684832292852
0,642.0,5,9,0.359684832292852,0.3218711823225021,0.340778007307677
0,643.0,5,26,0.340778007307677,0.335996925830841,0.338387466569259
0,643.0,5,67,0.338387466569259,0.2569375485181808,0.2976625075437199
0,643.0,5,97,0.2976625075437199,0.3266381706510271,0.3121503390973735
0,643.0,5,102,0.3121503390973735,0.3748446345329285,0.343497486815151
0,644.0,7,4,0.3189392526494581,0.4722946882247925,0.3956169704371253
0,644.0,7,5,0.3956169704371253,0.4380845427513122,0.4168507565942188
0,644.0,7,14,0.4168507565942188,0.2751060128211975,0.3459783847077081
0,644.0,7,17,0.3459783847077081,0.4636564453442891,0.4048174150259986
0,644.0,7,19,0.4048174150259986,0.4030367434024811,0.4039270792142398
0,644.0,7,54,0.4039270792142398,0.4070829600095749,0.4055050196119073
0,644.0,7,89,0.4055050196119073,0.4526670972506205,0.4290860584312639
0,644.0,7,100,0.4290860584312639,0.4766740947961807,0.4528800766137223
0,645.0,6,46,0.378195263933278,0.3004987090826034,0.3393469865079407
0,645.0,6,73,0.3393469865079407,0.3999699801206589,0.3696584833142998
0,645.0,6,82,0.3696584833142998,0.3128338009119034,0.3412461421131015
0,645.0,6,84,0.3412461421131015,0.3526975333690643,0.3469718377410829
0,646.0,6,99,0.3469718377410829,0.3738835752010345,0.3604277064710587
0,647.0,16,25,0.5674223871949107,0.499705508351326,0.5335639477731183
0,647.0,16,77,0.5335639477731183,0.5143327116966248,0.5239483297348715
0,648.0,15,9,0.2396013106028937,0.2200661301612854,0.2298337203820895
0,648.0,15,39,0.2298337203820895,0.2510532190402348,0.2404434697111621
0,648.0,15,91,0.2404434697111621,0.325257658958435,0.2828505643347986
0,649.0,16,5,0.5239483297348715,0.5645792086919149,0.5442637692133931
0,649.0,16,17,0.5442637692133931,0.3836532086133957,0.4639584889133944
0,649.0,16,54,0.4639584889133944,0.378836989402771,0.4213977391580827
0,650.0,7,7,0.4528800766137223,0.3729891180992126,0.4129345973564675
0,650.0,7,87,0.4129345973564675,0.2591240108013153,0.3360293040788914
0,651.0,7,1,0.3360293040788914,0.4220471382141113,0.3790382211465014
0,651.0,7,6,0.3790382211465014,0.329651266336441,0.3543447437414712
0,651.0,7,24,0.3543447437414712,0.350466787815094,0.3524057657782826
0,651.0,7,27,0.3524057657782826,0.3947138984998067,0.3735598321390446
0,651.0,7,34,0.3735598321390446,0.4461315274238586,0.4098456797814516
0,651.0,7,50,0.4098456797814516,0.3575868209203084,0.38371625035088
0,651.0,7,74,0.38371625035088,0.4787543217341105,0.4312352860424953
0,651.0,7,87,0.4312352860424953,0.380810151497523,0.4060227187700091
0,651.0,7,88,0.4060227187700091,0.3476543029149373,0.3768385108424732
0,651.0,7,90,0.3768385108424732,0.3168865703046322,0.3468625405735527
0,651.0,7,95,0.3468625405735527,0.3449899554252624,0.3459262479994076
0,652.0,8,48,0.2593312337994575,0.3776894807815552,0.3185103572905063
0,652.0,8,99,0.3185103572905063,0.393859394959041,0.3561848761247737
0,655.0,6,84,0.3604277064710587,0.3702346980571747,0.3653312022641167
0,656.0,6,4,0.3653312022641167,0.2800493463873863,0.3226902743257515
0,656.0,6,5,0.3226902743257515,0.2856942017873128,0.3041922380565321
0,656.0,6,17,0.3041922380565321,0.340481162071228,0.32233670006388
0,656.0,6,19,0.32233670006388,0.3436266779899597,0.3329816890269198
0,656.0,6,54,0.3329816890269198,0.3255283037821452,0.3292549964045325
0,656.0,6,89,0.3292549964045325,0.3373535672823588,0.3333042818434456
0,657.0,7,12,0.3459262479994076,0.3603513734415173,0.3531388107204625
0,657.0,7,75,0.3531388107204625,0.3792241513729095,0.366181481046686
0,658.0,7,34,0.366181481046686,0.2931234538555145,0.3296524674511003
0,658.0,7,40,0.3296524674511003,0.3254743417104085,0.3275634045807544
0,658.0,7,41,0.3275634045807544,0.4343807697296142,0.3809720871551843
0,658.0,7,65,0.3809720871551843,0.3046715557575226,0.3428218214563534
0,658.0,7,66,0.3428218214563534,0.4533114433288574,0.3980666323926054
0,658.0,7,76,0.3980666323926054,0.3835579355557759,0.3908122839741906
0,658.0,7,92,0.3908122839741906,0.4137021899223327,0.4022572369482616
0,659.0,6,42,0.3333042818434456,0.2933721363544464,0.313338209098946
0,659.0,6,84,0.313338209098946,0.3763059616088867,0.3448220853539163
0,660.0,14,64,0.4392140758819932,0.3478715221087138,0.3935427989953535
0,660.0,14,98,0.3935427989953535,0.3194459959864616,0.3564943974909075
0,661.0,6,4,0.3448220853539163,0.3269968964159488,0.3359094908849326
0,661.0,6,14,0.3359094908849326,0.3121383488178253,0.3240239198513789
0,661.0,6,54,0.3240239198513789,0.2850632220506668,0.3045435709510228
0,661.0,6,89,0.3045435709510228,0.2836605956157048,0.2941020832833638
0,662.0,16,9,0.4213977391580827,0.498278205593427,0.4598379723757548
0,662.0,16,15,0.4598379723757548,0.4955415725708008,0.4776897724732778
0,662.0,16,23,0.4776897724732778,0.5385286927223205,0.5081092325977992
0,662.0,16,38,0.5081092325977992,0.5677920877933502,0.5379506601955747
0,662.0,16,39,0.5379506601955747,0.4467322627703349,0.4923414614829547
0,662.0,16,48,0.4923414614829547,0.4983554184436798,0.4953484399633172
0,662.0,16,72,0.4953484399633172,0.5813857316970825,0.5383670858301999
0,662.0,16,91,0.5383670858301999,0.4584965194974627,0.4984318026638312
0,664.0,16,6,0.4984318026638312,0.4474364668130874,0.4729341347384593
0,664.0,16,34,0.4729341347384593,0.3017529845237732,0.3873435596311162
0,665.0,16,7,0.3873435596311162,0.5619210004806519,0.474632280055884
0,665.0,16,50,0.474632280055884,0.5671218037605286,0.5208770419082063
0,665.0,16,68,0.5208770419082063,0.5177424311637878,0.5193097365359971
0,665.0,16,87,0.5193097365359971,0.4496896664301554,0.4844997014830763
0,665.0,16,88,0.4844997014830763,0.4524890780448913,0.4684943897639838
0,666.0,20,9,0.0,0.3194680462280909,0.1597340231140454
0,666.0,20,39,0.1597340231140454,0.2285196870565414,0.1941268550852934
0,666.0,20,48,0.1941268550852934,0.2842546701431274,0.2391907626142104
0,666.0,20,91,0.2391907626142104,0.2773007750511169,0.2582457688326637
0,666.0,20,99,0.2582457688326637,0.2956403238432748,0.2769430463379693
0,667.0,6,20,0.2941020832833638,0.3262744545936584,0.3101882689385111
0,667.0,6,21,0.3101882689385111,0.308824922889471,0.3095065959139911
0,667.0,6,45,0.3095065959139911,0.306369682153066,0.3079381390335285
0,667.0,6,60,0.3079381390335285,0.3479147516191005,0.3279264453263145
0,668.0,8,9,0.3561848761247737,0.2452236227691173,0.3007042494469455
0,668.0,8,91,0.3007042494469455,0.3857678174972534,0.3432360334720994
0,670.0,20,9,0.2769430463379693,0.3068168784181277,0.2918799623780485
0,670.0,20,48,0.2918799623780485,0.200352095067501,0.2461160287227747
0,670.0,20,91,0.2461160287227747,0.3169595102469126,0.2815377694848436
0,670.0,20,99,0.2815377694848436,0.2968509431396212,0.2891943563122324
0,672.0,16,12,0.4684943897639838,0.5369995981454849,0.5027469939547343
0,672.0,16,62,0.5027469939547343,0.4672850668430328,0.4850160303988836
0,672.0,16,75,0.4850160303988836,0.4856481353441874,0.4853320828715355
0,672.0,16,96,0.4853320828715355,0.5143633365631104,0.4998477097173229
0,675.0,20,23,0.2891943563122324,0.3076685766379038,0.2984314664750681
0,675.0,20,38,0.2984314664750681,0.2420951277017593,0.2702632970884137
0,675.0,20,99,0.2702632970884137,0.4385713934898376,0.3544173452891256
0,676.0,20,15,0.3544173452891256,0.2583913505077362,0.3064043478984309
0,676.0,20,20,0.3064043478984309,0.2832816541194916,0.2948430010089612
0,676.0,20,21,0.2948430010089612,0.2522302102297544,0.2735366056193578
0,676.0,20,38,0.2735366056193578,0.2899237498641014,0.2817301777417296
0,676.0,20,45,0.2817301777417296,0.2716887344916661,0.2767094561166978
0,676.0,20,60,0.2767094561166978,0.2709390856325626,0.2738242708746302
0,676.0,20,72,0.2738242708746302,0.2480206459760666,0.2609224584253484
0,677.0,6,17,0.3279264453263145,0.3021365851163864,0.3150315152213504
0,677.0,6,49,0.3150315152213504,0.2635215669870376,0.289276541104194
0,677.0,6,82,0.289276541104194,0.2919665575027466,0.2906215493034703
0,677.0,6,84,0.2906215493034703,0.2620879620313644,0.2763547556674173
0,677.0,6,100,0.2763547556674173,0.2691887952387333,0.2727717754530753
0,678.0,6,71,0.2727717754530753,0.2921817302703857,0.2824767528617305
0,679.0,5,18,0.343497486815151,0.3277084827423095,0.3356029847787303
0,679.0,5,85,0.3356029847787303,0.2774947484334309,0.3065488666060806
0,683.0,15,46,0.2828505643347986,0.2913744330406189,0.2871124986877087
0,684.0,20,21,0.2609224584253484,0.2642948528130849,0.2626086556192166
0,684.0,20,45,0.2626086556192166,0.2861552163958549,0.2743819360075358
0,684.0,20,60,0.2743819360075358,0.2643380612134933,0.2693599986105146
0,685.0,20,11,0.2693599986105146,0.2096662769714991,0.2395131377910068
0,685.0,20,42,0.2395131377910068,0.2871851325035095,0.2633491351472581
0,685.0,20,49,0.2633491351472581,0.2659720592200756,0.2646605971836668
0,686.0,8,42,0.3432360334720994,0.2989152371883392,0.3210756353302193
0,686.0,8,89,0.3210756353302193,0.2077216903368632,0.2643986628335412
0,688.0,20,46,0.2646605971836668,0.340956425666809,0.3028085114252379
0,688.0,20,73,0.3028085114252379,0.245275430381298,0.274041970903268
0,688.0,20,82,0.274041970903268,0.2160709291696548,0.2450564500364614
0,690.0,20,2,0.2450564500364614,0.2536647021770477,0.2493605761067545
0,690.0,20,4,0.2493605761067545,0.2988134175539017,0.2740869968303281
0,690.0,20,5,0.2740869968303281,0.2855436106522878,0.2798153037413079
0,690.0,20,7,0.2798153037413079,0.2365904599428177,0.2582028818420628
0,690.0,20,14,0.2582028818420628,0.2380609263976415,0.2481319041198521
0,690.0,20,17,0.2481319041198521,0.2394599206745624,0.2437959123972072
0,690.0,20,19,0.2437959123972072,0.2365972399711609,0.240196576184184
0,690.0,20,27,0.240196576184184,0.2875505089759826,0.2638735425800833
0,690.0,20,50,0.2638735425800833,0.2455252669751644,0.2546994047776239
0,690.0,20,54,0.2546994047776239,0.2363250056902567,0.2455122052339403
0,690.0,20,68,0.2455122052339403,0.2627415567636489,0.2541268809987946
0,690.0,20,87,0.2541268809987946,0.2229339927434921,0.2385304368711433
0,690.0,20,88,0.2385304368711433,0.2202817897001902,0.2294061132856667
0,690.0,20,90,0.2294061132856667,0.3379979766905308,0.2837020449880987
0,691.0,6,13,0.2824767528617305,0.3530033358505794,0.317740044356155
0,691.0,6,70,0.317740044356155,0.2999466583132744,0.3088433513347147
0,692.0,20,35,0.2837020449880987,0.2859814365704854,0.284841740779292
0,692.0,20,36,0.284841740779292,0.2579751908779144,0.2714084658286032
0,692.0,20,75,0.2714084658286032,0.4050905207792918,0.3382494933039475
0,693.0,6,97,0.3088433513347147,0.4423378407955169,0.3755905960651158
0,693.0,6,102,0.3755905960651158,0.3482058271765709,0.3618982116208433
0,694.0,20,6,0.3382494933039475,0.2607157975435257,0.2994826454237366
0,694.0,20,41,0.2994826454237366,0.2901455660661061,0.2948141057449214
0,694.0,20,76,0.2948141057449214,0.3618261665105819,0.3283201361277517
0,694.0,20,95,0.3283201361277517,0.2510990962386131,0.2897096161831824
0,695.0,20,15,0.2897096161831824,0.313007615506649,0.3013586158449157
0,695.0,20,23,0.3013586158449157,0.3372146089871724,0.319286612416044
0,695.0,20,38,0.319286612416044,0.5451013892889023,0.4321940008524731
0,696.0,16,39,0.4998477097173229,0.5305537581443787,0.5152007339308508
0,697.0,16,9,0.5152007339308508,0.5193363487720489,0.5172685413514498
0,697.0,16,91,0.5172685413514498,0.6512194275856018,0.5842439844685259
0,699.0,8,19,0.2643986628335412,0.2284693419933319,0.2464340024134365
0,699.0,8,20,0.2464340024134365,0.2902449667453766,0.2683394845794065
0,699.0,8,39,0.2683394845794065,0.4366513192653656,0.352495401922386
0,699.0,8,67,0.352495401922386,0.1784861534833908,0.2654907777028884
0,700.0,5,3,0.3065488666060806,0.3142538666725158,0.3104013666392982
0,700.0,5,8,0.3104013666392982,0.3787166893482208,0.3445590279937595
0,700.0,5,13,0.3445590279937595,0.3008843043020793,0.3227216661479194
0,700.0,5,44,0.3227216661479194,0.2616097182035446,0.292165692175732
0,700.0,5,52,0.292165692175732,0.3181354492902756,0.3051505707330038
0,700.0,5,53,0.3051505707330038,0.3177602017919222,0.311455386262463
0,700.0,5,63,0.311455386262463,0.1903290996948878,0.2508922429786754
0,700.0,5,70,0.2508922429786754,0.3171789944171905,0.284035618697933
0,700.0,5,71,0.284035618697933,0.3301231004297733,0.3070793595638531
0,700.0,5,77,0.3070793595638531,0.2962313195069631,0.3016553395354081
0,700.0,5,93,0.3016553395354081,0.3123405004541079,0.306997919994758
0,700.0,5,94,0.306997919994758,0.3202379856790815,0.3136179528369197
0,700.0,5,97,0.3136179528369197,0.3143448829650879,0.3139814179010037
0,700.0,5,102,0.3139814179010037,0.2807001739740372,0.2973407959375204
0,701.0,14,20,0.3564943974909075,0.2864423419038455,0.3214683696973764
0,701.0,14,60,0.3214683696973764,0.3522846400737762,0.3368765048855763
0,703.0,20,96,0.4321940008524731,0.2727747522294521,0.3524843765409626
0,704.0,20,6,0.3524843765409626,0.2936811745166778,0.3230827755288202
0,704.0,20,24,0.3230827755288202,0.2919398099184036,0.3075112927236119
0,704.0,20,34,0.3075112927236119,0.2576470822095871,0.2825791874665995
0,704.0,20,40,0.2825791874665995,0.2504015664259593,0.2664903769462794
0,704.0,20,41,0.2664903769462794,0.2693653702735901,0.2679278736099347
0,704.0,20,43,0.2679278736099347,0.2242192775011062,0.2460735755555204
0,704.0,20,47,0.2460735755555204,0.248600423336029,0.2473369994457747
0,704.0,20,65,0.2473369994457747,0.2369452714920044,0.2421411354688895
0,704.0,20,74,0.2421411354688895,0.311433990796407,0.2767875631326483
0,704.0,20,76,0.2767875631326483,0.22165014843146,0.2492188557820541
0,704.0,20,95,0.2492188557820541,0.3121943101286888,0.2807065829553714
0,705.0,5,18,0.2973407959375204,0.4179435223340988,0.3576421591358096
0,705.0,5,85,0.3576421591358096,0.3034590035676956,0.3305505813517526
0,705.0,5,101,0.3305505813517526,0.2651285926500956,0.2978395870009241
0,706.0,5,16,0.2978395870009241,0.2268140286207199,0.262326807810822
0,706.0,5,37,0.262326807810822,0.3759445647398631,0.3191356862753425
0,706.0,5,69,0.3191356862753425,0.3474420375294155,0.333288861902379
0,706.0,5,81,0.333288861902379,0.2905364915728569,0.3119126767376179
0,707.0,14,97,0.3368765048855763,0.2673350721597671,0.3021057885226717
0,707.0,14,102,0.3021057885226717,0.2737173572182655,0.2879115728704686
0,709.0,5,20,0.3119126767376179,0.2790586054325104,0.2954856410850641
0,709.0,5,21,0.2954856410850641,0.3362031802535057,0.3158444106692849
0,709.0,5,29,0.3158444106692849,0.3549895733594894,0.3354169920143872
0,709.0,5,38,0.3354169920143872,0.2181257084012031,0.2767713502077952
0,709.0,5,42,0.2767713502077952,0.2520872540771961,0.2644293021424956
0,709.0,5,99,0.2644293021424956,0.2659283408096858,0.2651788214760907
0,710.0,20,2,0.2807065829553714,0.2697086185216903,0.2752076007385309
0,710.0,20,27,0.2752076007385309,0.2841836490801402,0.2796956249093356
0,710.0,20,90,0.2796956249093356,0.2533035613596439,0.2664995931344898
0,711.0,20,2,0.2664995931344898,0.2771415511767069,0.2718205721555984
0,711.0,20,27,0.2718205721555984,0.279219708272389,0.2755201402139937
0,711.0,20,50,0.2755201402139937,0.2473333775997162,0.2614267589068549
0,711.0,20,68,0.2614267589068549,0.3222445249557495,0.2918356419313022
0,711.0,20,88,0.2918356419313022,0.3012764354546864,0.2965560386929943
0,711.0,20,90,0.2965560386929943,0.2691138237714767,0.2828349312322355
0,712.0,20,47,0.2828349312322355,0.2512113054593404,0.2670231183457879
0,712.0,20,95,0.2670231183457879,0.3017033967706892,0.2843632575582385
0,713.0,20,1,0.2843632575582385,0.304924875497818,0.2946440665280282
0,714.0,20,12,0.2946440665280282,0.2492898032069206,0.2719669348674744
0,714.0,20,32,0.2719669348674744,0.2902701497077942,0.2811185422876343
0,714.0,20,35,0.2811185422876343,0.2556291073560714,0.2683738248218529
0,714.0,20,36,0.2683738248218529,0.2693821601569652,0.2688779924894091
0,714.0,20,62,0.2688779924894091,0.2830863632261753,0.2759821778577922
0,714.0,20,66,0.2759821778577922,0.3099344335496425,0.2929583057037174
0,714.0,20,75,0.2929583057037174,0.2711897591749827,0.28207403243935
0,714.0,20,83,0.28207403243935,0.2363213300704956,0.2591976812549228
0,714.0,20,92,0.2591976812549228,0.3256827741861343,0.2924402277205286
0,714.0,20,96,0.2924402277205286,0.2779321037232876,0.2851861657219081
0,714.0,20,103,0.2851861657219081,0.2851774469017982,0.2851818063118532
0,715.0,20,3,0.2851818063118532,0.2775837282339732,0.2813827672729132
0,715.0,20,44,0.2813827672729132,0.4440350234508514,0.3627088953618823
0,715.0,20,71,0.3627088953618823,0.2707086205482483,0.3167087579550652
0,715.0,20,77,0.3167087579550652,0.3275415996710459,0.3221251788130556
0,716.0,16,2,0.5842439844685259,0.4521821737289428,0.5182130790987344
0,716.0,16,27,0.5182130790987344,0.4835368139403207,0.5008749465195276
0,716.0,16,33,0.5008749465195276,0.4148016273975372,0.4578382869585324
0,716.0,16,90,0.4578382869585324,0.4816286116838455,0.469733449321189
0,719.0,14,45,0.2879115728704686,0.3839541052778562,0.3359328390741624
0,720.0,15,39,0.2871124986877087,0.3608326017856598,0.3239725502366842
0,721.0,15,9,0.3239725502366842,0.2750654309988022,0.2995189906177432
0,721.0,15,99,0.2995189906177432,0.2523796285192172,0.2759493095684802
0,722.0,20,42,0.3221251788130556,0.3321092464029789,0.3271172126080172
0,722.0,20,46,0.3271172126080172,0.2801175892353058,0.3036174009216614
0,722.0,20,82,0.3036174009216614,0.2682326436042785,0.28592502226297
0,722.0,20,84,0.28592502226297,0.2765154957771301,0.2812202590200501
0,723.0,20,5,0.2812202590200501,0.2201489359140396,0.2506845974670448
0,723.0,20,17,0.2506845974670448,0.2675436809659004,0.2591141392164726
0,723.0,20,73,0.2591141392164726,0.254472266882658,0.2567932030495653
0,723.0,20,82,0.2567932030495653,0.2556021474301815,0.2561976752398734
0,723.0,20,100,0.2561976752398734,0.2332271859049797,0.2447124305724265
0,724.0,13,9,0.2146996657053629,0.3336128890514374,0.2741562773784001
0,724.0,13,15,0.2741562773784001,0.3794702490170796,0.3268132631977398
0,724.0,13,20,0.3268132631977398,0.4098064601421356,0.3683098616699377
0,724.0,13,23,0.3683098616699377,0.415471464395523,0.3918906630327303
0,724.0,13,45,0.3918906630327303,0.4018988370895385,0.3968947500611344
0,724.0,13,48,0.3968947500611344,0.3673686981201172,0.3821317240906258
0,724.0,13,60,0.3821317240906258,0.3870771899819374,0.3846044570362816
0,724.0,13,72,0.3846044570362816,0.3908376693725586,0.3877210632044201
0,724.0,13,91,0.3877210632044201,0.3392621179421742,0.3634915905732971
0,725.0,20,6,0.2447124305724265,0.2534231394529342,0.2490677850126804
0,725.0,20,34,0.2490677850126804,0.2076850235462188,0.2283764042794496
0,725.0,20,41,0.2283764042794496,0.3150289058685303,0.2717026550739899
0,725.0,20,74,0.2717026550739899,0.2364100813865661,0.254056368230278
0,727.0,20,2,0.254056368230278,0.2883685082197189,0.2712124382249984
0,727.0,20,33,0.2712124382249984,0.2528679395715396,0.2620401888982689
0,727.0,20,78,0.2620401888982689,0.2670276463031769,0.2645339176007228
0,728.0,15,73,0.2759493095684802,0.2202165176471074,0.2480829136077938
0,728.0,15,82,0.2480829136077938,0.2523086406290531,0.2501957771184234
0,729.0,15,46,0.2501957771184234,0.2858142455418904,0.2680050113301569
0,729.0,15,84,0.2680050113301569,0.2304802000522613,0.2492426056912091
0,730.0,14,11,0.3359328390741624,0.3499256422122319,0.3429292406431972
0,730.0,14,42,0.3429292406431972,0.3078226923942566,0.3253759665187269
0,730.0,14,49,0.3253759665187269,0.1846765540540218,0.2550262602863744
0,730.0,14,73,0.2550262602863744,0.2279468029737472,0.2414865316300608
0,730.0,14,82,0.2414865316300608,0.2686176374554634,0.2550520845427621
0,730.0,14,84,0.2550520845427621,0.2477348566055298,0.2513934705741459
0,732.0,14,34,0.2513934705741459,0.3344979683558146,0.2929457194649802
0,732.0,14,40,0.2929457194649802,0.295503298441569,0.2942245089532746
0,732.0,14,41,0.2942245089532746,0.3154933452606201,0.3048589271069474
0,732.0,14,76,0.3048589271069474,0.2404963299632072,0.2726776285350773
0,733.0,20,43,0.2645339176007228,0.2138342062632242,0.2391840619319735
0,733.0,20,47,0.2391840619319735,0.2491875241200129,0.2441857930259932
0,733.0,20,74,0.2441857930259932,0.2727149625619252,0.2584503777939592
0,733.0,20,95,0.2584503777939592,0.2298127830028534,0.2441315803984063
0,734.0,20,17,0.2441315803984063,0.316274706274271,0.2802031433363386
0,735.0,20,2,0.2802031433363386,0.2787479162216186,0.2794755297789786
0,735.0,20,27,0.2794755297789786,0.2537885648863656,0.2666320473326721
0,735.0,20,33,0.2666320473326721,0.2650713622570038,0.2658517047948379
0,735.0,20,50,0.2658517047948379,0.252808541059494,0.2593301229271659
0,735.0,20,68,0.2593301229271659,0.2327902406454086,0.2460601817862872
0,735.0,20,88,0.2460601817862872,0.2397465407848358,0.2429033612855615
0,735.0,20,90,0.2429033612855615,0.2774912267923355,0.2601972940389485
0,737.0,20,101,0.2601972940389485,0.2429789925614992,0.2515881433002239
0,738.0,20,3,0.2515881433002239,0.2401070296764373,0.2458475864883306
0,738.0,20,44,0.2458475864883306,0.2859538445870082,0.2659007155376693
0,738.0,20,71,0.2659007155376693,0.2723941206932068,0.2691474181154381
0,738.0,20,77,0.2691474181154381,0.2149123003085454,0.2420298592119917
0,739.0,20,14,0.2420298592119917,0.2748476952314377,0.2584387772217147
0,739.0,20,68,0.2584387772217147,0.2781425714492798,0.2682906743354972
0,741.0,15,20,0.2492426056912091,0.282090961933136,0.2656667838121725
0,741.0,15,38,0.2656667838121725,0.2410125037034352,0.2533396437578039
0,741.0,15,60,0.2533396437578039,0.31183672696352,0.282588185360662
0,741.0,15,72,0.282588185360662,0.213535938411951,0.2480620618863065
0,743.0,21,39,0.0,0.2530079583326975,0.1265039791663487
0,745.0,14,69,0.2726776285350773,0.3611813452508714,0.3169294868929744
0,746.0,14,9,0.3169294868929744,0.2159793575604756,0.266454422226725
0,746.0,14,22,0.266454422226725,0.369735245903333,0.318094834065029
0,746.0,14,29,0.318094834065029,0.250595673918724,0.2843452539918765
0,746.0,14,39,0.2843452539918765,0.3614115715026855,0.322878412747281
0,746.0,14,48,0.322878412747281,0.2188438549637794,0.2708611338555302
0,746.0,14,91,0.2708611338555302,0.2244278614719708,0.2476444976637505
0,746.0,14,99,0.2476444976637505,0.221257705773626,0.2344511017186882
0,747.0,21,4,0.1265039791663487,0.2802608907222748,0.2033824349443117
0,747.0,21,17,0.2033824349443117,0.225337241590023,0.2143598382671673
0,748.0,21,4,0.2143598382671673,0.296049103140831,0.2552044707039991
0,748.0,21,54,0.2552044707039991,0.2328552405039469,0.244029855603973
0,748.0,21,89,0.244029855603973,0.2880019197861354,0.2660158876950542
0,749.0,21,14,0.2660158876950542,0.2298501789569854,0.2479330333260198
0,749.0,21,19,0.2479330333260198,0.3063309825956821,0.2771320079608509
0,750.0,13,46,0.3634915905732971,0.4097075700759888,0.3865995803246429
0,750.0,13,82,0.3865995803246429,0.329037457704544,0.3578185190145935
0,751.0,15,42,0.2480620618863065,0.3244600668549537,0.2862610643706301
0,751.0,15,49,0.2862610643706301,0.2636458575725555,0.2749534609715928
0,751.0,15,84,0.2749534609715928,0.2450376152992248,0.2599955381354088
0,752.0,16,73,0.469733449321189,0.4388268440961838,0.4542801467086864
0,752.0,16,82,0.4542801467086864,0.6161463260650635,0.5352132363868749
0,752.0,16,100,0.5352132363868749,0.5552195906639099,0.5452164135253924
0,753.0,14,23,0.2344511017186882,0.3029411633809407,0.2686961325498144
0,753.0,14,48,0.2686961325498144,0.2094233557581901,0.2390597441540022
0,753.0,14,99,0.2390597441540022,0.3561049444334848,0.2975823442937435
0,754.0,13,35,0.3578185190145935,0.3963682651519775,0.3770933920832855
0,754.0,13,36,0.3770933920832855,0.3865662515163421,0.3818298217998138
0,754.0,13,96,0.3818298217998138,0.5354114770889282,0.458620649444371
0,755.0,13,69,0.458620649444371,0.3760841621292962,0.4173524057868336
0,755.0,13,81,0.4173524057868336,0.4080367565155029,0.4126945811511682
0,756.0,17,91,0.2868889172871907,0.5640196204185486,0.4254542688528696
0,758.0,13,22,0.4126945811511682,0.4566476543744405,0.4346711177628043
0,758.0,13,39,0.4346711177628043,0.4619394093751907,0.4483052635689975
0,758.0,13,91,0.4483052635689975,0.3449879288673401,0.3966465962181688
0,759.0,14,42,0.2975823442937435,0.6215885877609253,0.4595854660273344
0,760.0,14,23,0.4595854660273344,0.3658932199080785,0.4127393429677064
0,760.0,14,48,0.4127393429677064,0.2505415342748165,0.3316404386212614
0,764.0,12,11,0.0,0.290872906645139,0.1454364533225695
0,764.0,12,15,0.1454364533225695,0.3279226422309875,0.2366795477767785
0,764.0,12,17,0.2366795477767785,0.3231801986694336,0.279929873223106
0,764.0,12,24,0.279929873223106,0.2699311325947444,0.2749305029089252
0,764.0,12,27,0.2749305029089252,0.3157151085989816,0.2953228057539534
0,764.0,12,48,0.2953228057539534,0.3711243867874145,0.333223596270684
0,764.0,12,60,0.333223596270684,0.3075828999280929,0.3204032480993884
0,764.0,12,68,0.3204032480993884,0.3361762166023254,0.3282897323508569
0,764.0,12,73,0.3282897323508569,0.2901709340512752,0.3092303332010661
0,764.0,12,78,0.3092303332010661,0.3483310540517171,0.3287806936263916
0,764.0,12,84,0.3287806936263916,0.2963393658399582,0.3125600297331748
0,764.0,12,88,0.3125600297331748,0.3018301526705424,0.3071950912018586
0,764.0,12,89,0.3071950912018586,0.3860918879508972,0.3466434895763779
0,764.0,12,91,0.3466434895763779,0.3845161696275075,0.3655798296019427
0,764.0,12,95,0.3655798296019427,0.3483535096049309,0.3569666696034368
0,765.0,17,48,0.4254542688528696,0.4632369875907898,0.4443456282218296
0,765.0,17,99,0.4443456282218296,0.4441636885915483,0.444254658406689
0,773.0,21,3,0.2771320079608509,0.2600170981425505,0.2685745530517007
0,773.0,21,8,0.2685745530517007,0.2248302191495895,0.2467023861006451
0,773.0,21,13,0.2467023861006451,0.2574552893638611,0.2520788377322531
0,773.0,21,44,0.2520788377322531,0.3086986094713211,0.2803887236017871
0,773.0,21,52,0.2803887236017871,0.3153827577829361,0.2978857406923616
0,773.0,21,53,0.2978857406923616,0.2559004426002502,0.2768930916463059
0,773.0,21,63,0.2768930916463059,0.3608007431030273,0.3188469173746666
0,773.0,21,70,0.3188469173746666,0.2502946332097053,0.284570775292186
0,773.0,21,71,0.284570775292186,0.2293325215578079,0.2569516484249969
0,773.0,21,77,0.2569516484249969,0.2491706162691116,0.2530611323470543
0,773.0,21,93,0.2530611323470543,0.3080793363707406,0.2805702343588975
0,773.0,21,94,0.2805702343588975,0.3151494158165795,0.2978598250877385
0,773.0,21,102,0.2978598250877385,0.290773132443428,0.2943164787655833
0,774.0,5,85,0.2651788214760907,0.2812781482934952,0.2732284848847929
0,775.0,5,3,0.2732284848847929,0.3267257461945216,0.2999771155396572
0,775.0,5,13,0.2999771155396572,0.3452784525496619,0.3226277840446595
0,775.0,5,70,0.3226277840446595,0.4621679186820984,0.3923978513633789
0,775.0,5,71,0.3923978513633789,0.3628894537687301,0.3776436525660545
0,777.0,10,30,0.0,0.3677978180348873,0.1838989090174436
0,777.0,10,39,0.1838989090174436,0.3730625510215759,0.2784807300195098
0,778.0,10,9,0.2784807300195098,0.3974404692649841,0.3379605996422469
0,778.0,10,23,0.3379605996422469,0.3202562381823857,0.3291084189123163
0,778.0,10,48,0.3291084189123163,0.3099143579602241,0.3195113884362702
0,778.0,10,91,0.3195113884362702,0.3161081075668335,0.3178097480015518
0,778.0,10,99,0.3178097480015518,0.3044003876192229,0.3111050678103874
0,779.0,10,38,0.3111050678103874,0.2851992547512054,0.2981521612807964
0,779.0,10,48,0.2981521612807964,0.3455434963107109,0.3218478287957537
0,780.0,10,15,0.3218478287957537,0.3098994493484497,0.3158736390721017
0,781.0,10,15,0.3158736390721017,0.2366371502478917,0.2762553946599967
0,781.0,10,20,0.2762553946599967,0.4311417490243912,0.3536985718421939
0,781.0,10,21,0.3536985718421939,0.291311115026474,0.3225048434343339
0,781.0,10,23,0.3225048434343339,0.331528643767039,0.3270167436006864
0,781.0,10,38,0.3270167436006864,0.2832046970725059,0.3051107203365961
0,781.0,10,45,0.3051107203365961,0.3280551458398501,0.3165829330882231
0,781.0,10,48,0.3165829330882231,0.4120500087738037,0.3643164709310134
0,781.0,10,60,0.3643164709310134,0.3255683332681656,0.3449424020995895
0,781.0,10,72,0.3449424020995895,0.3037140592932701,0.3243282306964298
0,781.0,10,99,0.3243282306964298,0.3310939435447965,0.3277110871206131
0,782.0,5,64,0.3776436525660545,0.2669395208358764,0.3222915867009654
0,782.0,5,86,0.3222915867009654,0.3942434191703796,0.3582675029356725
0,782.0,5,98,0.3582675029356725,0.3130616676062345,0.3356645852709535
0,784.0,13,61,0.3966465962181688,0.4819984436035156,0.4393225199108422
0,784.0,13,78,0.4393225199108422,0.4816422462463379,0.46048238307859
0,785.0,16,40,0.5452164135253924,0.5526953339576721,0.5489558737415323
0,785.0,16,76,0.5489558737415323,0.4344082077344258,0.491682040737979
0,786.0,16,1,0.491682040737979,0.5651460886001587,0.5284140646690688
0,786.0,16,2,0.5284140646690688,0.4506130814552307,0.4895135730621497
0,786.0,16,24,0.4895135730621497,0.5859851439793905,0.5377493585207701
0,786.0,16,27,0.5377493585207701,0.4837392142840794,0.5107442864024248
0,786.0,16,33,0.5107442864024248,0.5020323296387991,0.506388308020612
0,786.0,16,50,0.506388308020612,0.4402009050051371,0.4732946065128746
0,786.0,16,61,0.4732946065128746,0.4607484042644501,0.4670215053886623
0,786.0,16,78,0.4670215053886623,0.5011182725429535,0.4840698889658079
0,786.0,16,90,0.4840698889658079,0.5350174307823181,0.509543659874063
0,787.0,17,17,0.444254658406689,0.3886928930878639,0.4164737757472764
0,789.0,17,4,0.4164737757472764,0.6341339945793152,0.5253038851632958
0,789.0,17,5,0.5253038851632958,0.5389966368675232,0.5321502610154095
0,789.0,17,17,0.5321502610154095,0.4602467343211174,0.4961984976682634
0,789.0,17,54,0.4961984976682634,0.593333383401235,0.5447659405347491
0,790.0,13,42,0.46048238307859,0.5585968047380447,0.5095395939083174
0,790.0,13,84,0.5095395939083174,0.3725646823644638,0.4410521381363906
0,792.0,12,9,0.3569666696034368,0.3318149000406265,0.3443907848220316
0,792.0,12,39,0.3443907848220316,0.2753678262233734,0.3098793055227025
0,792.0,12,48,0.3098793055227025,0.2223827987909317,0.2661310521568171
0,793.0,12,9,0.2661310521568171,0.3351725101470947,0.3006517811519559
0,793.0,12,39,0.3006517811519559,0.3034093777338664,0.3020305794429111
0,793.0,12,91,0.3020305794429111,0.420650045077006,0.3613403122599585
0,793.0,12,99,0.3613403122599585,0.259727232158184,0.3105337722090713
0,794.0,15,49,0.2599955381354088,0.2724831514060497,0.2662393447707293
0,794.0,15,82,0.2662393447707293,0.3520343154668808,0.309136830118805
0,794.0,15,84,0.309136830118805,0.2408730566501617,0.2750049433844833
0,796.0,13,33,0.4410521381363906,0.3328575119376182,0.3869548250370044
0,796.0,13,78,0.3869548250370044,0.495157778263092,0.4410563016500482
0,797.0,15,4,0.2750049433844833,0.2372668497264385,0.2561358965554609
0,797.0,15,5,0.2561358965554609,0.2505448708931605,0.2533403837243106
0,797.0,15,54,0.2533403837243106,0.2564824471871058,0.2549114154557082
0,797.0,15,89,0.2549114154557082,0.3350066641966502,0.2949590398261792
0,798.0,21,16,0.2943164787655833,0.2671951413154602,0.2807558100405217
0,798.0,21,37,0.2807558100405217,0.2766914168993632,0.2787236134699424
0,799.0,5,16,0.3356645852709535,0.3541960604488849,0.3449303228599192
0,799.0,5,22,0.3449303228599192,0.2685311436653137,0.3067307332626164
0,799.0,5,29,0.3067307332626164,0.3030537565549214,0.3048922449087689
0,799.0,5,37,0.3048922449087689,0.3243166704972585,0.3146044577030137
0,799.0,5,69,0.3146044577030137,0.2811888224548763,0.297896640078945
0,800.0,21,22,0.2787236134699424,0.3944043517112732,0.3365639825906078
0,800.0,21,29,0.3365639825906078,0.2021662394205729,0.2693651110055903
0,800.0,21,37,0.2693651110055903,0.2579236775636673,0.2636443942846288
0,800.0,21,69,0.2636443942846288,0.2679226770997047,0.2657835356921668
0,800.0,21,81,0.2657835356921668,0.265444727987051,0.2656141318396089
0,802.0,16,8,0.509543659874063,0.4357650637626648,0.4726543618183639
0,802.0,16,12,0.4726543618183639,0.5006101541221142,0.486632257970239
0,802.0,16,18,0.486632257970239,0.4790750642617543,0.4828536611159967
0,802.0,16,25,0.4828536611159967,0.5576428323984146,0.5202482467572056
0,802.0,16,31,0.5202482467572056,0.5596089959144592,0.5399286213358324
0,802.0,16,35,0.5399286213358324,0.576978325843811,0.5584534735898217
0,802.0,16,36,0.5584534735898217,0.4772206172347069,0.5178370454122643
0,802.0,16,62,0.5178370454122643,0.4218979328870773,0.4698674891496708
0,802.0,16,63,0.4698674891496708,0.4167719781398773,0.443319733644774
0,802.0,16,67,0.443319733644774,0.5362829367319742,0.4898013351883741
0,802.0,16,70,0.4898013351883741,0.5606139302253723,0.5252076327068732
0,802.0,16,71,0.5252076327068732,0.5420806109905243,0.5336441218486987
0,802.0,16,77,0.5336441218486987,0.5321327298879623,0.5328884258683305
0,802.0,16,83,0.5328884258683305,0.4954258143901825,0.5141571201292565
0,802.0,16,85,0.5141571201292565,0.5349043607711792,0.5245307404502179
0,802.0,16,93,0.5245307404502179,0.6006290515263876,0.5625798959883027
0,802.0,16,96,0.5625798959883027,0.5141905248165131,0.5383852104024078
0,802.0,16,102,0.5383852104024078,0.3917459815740585,0.4650655959882331
0,804.0,21,18,0.2656141318396089,0.2420753687620163,0.2538447503008126
0,804.0,21,26,0.2538447503008126,0.2769123882055282,0.2653785692531704
0,804.0,21,67,0.2653785692531704,0.2624993092483944,0.2639389392507824
0,804.0,21,97,0.2639389392507824,0.2347642257809639,0.2493515825158731
0,805.0,5,3,0.297896640078945,0.2380217413107554,0.2679591906948502
0,805.0,5,44,0.2679591906948502,0.2483235200246175,0.2581413553597338
0,805.0,5,63,0.2581413553597338,0.2438185214996338,0.2509799384296838
0,805.0,5,71,0.2509799384296838,0.3396816253662109,0.2953307818979473
0,805.0,5,77,0.2953307818979473,0.3048803806304931,0.3001055812642202
0,806.0,5,5,0.3001055812642202,0.3649639089902242,0.3325347451272222
0,806.0,5,11,0.3325347451272222,0.3018606255451838,0.317197685336203
0,806.0,5,42,0.317197685336203,0.227610832452774,0.2724042588944885
0,806.0,5,73,0.2724042588944885,0.2999854795634746,0.2861948692289816
0,807.0,13,48,0.4410563016500482,0.2141071856021881,0.3275817436261181
0,807.0,13,99,0.3275817436261181,0.2789679701839174,0.3032748569050177
0,808.0,15,9,0.2949590398261792,0.2099049270153045,0.2524319834207419
0,808.0,15,91,0.2524319834207419,0.3034609208504359,0.2779464521355889
0,808.0,15,99,0.2779464521355889,0.3311353214085102,0.3045408867720495
0,809.0,17,89,0.5447659405347491,0.4256208389997482,0.4851933897672487
0,810.0,13,11,0.3032748569050177,0.5282514095306396,0.4157631332178286
0,811.0,13,84,0.4157631332178286,0.333403006196022,0.3745830697069253
0,812.0,13,32,0.3745830697069253,0.4313183824221293,0.4029507260645273
0,812.0,13,62,0.4029507260645273,0.5358021259307861,0.4693764259976567
0,812.0,13,66,0.4693764259976567,0.4484324753284454,0.4589044506630511
0,812.0,13,92,0.4589044506630511,0.500467836856842,0.4796861437599465
0,812.0,13,103,0.4796861437599465,0.4058247059583664,0.4427554248591564
0,813.0,14,9,0.3316404386212614,0.286362487077713,0.3090014628494872
0,813.0,14,39,0.3090014628494872,0.4573699831962585,0.3831857230228729
0,813.0,14,91,0.3831857230228729,0.3768535256385803,0.3800196243307266
0,813.0,14,99,0.3800196243307266,0.3279897928237915,0.3540047085772591
0,816.0,8,99,0.2654907777028884,0.3341748476028442,0.2998328126528663
0,817.0,22,9,0.0,0.2881574511528015,0.1440787255764007
0,817.0,22,23,0.1440787255764007,0.348079115152359,0.2460789203643798
0,817.0,22,48,0.2460789203643798,0.3703297525644302,0.308204336464405
0,817.0,22,99,0.308204336464405,0.3198130982262747,0.3140087173453398
0,821.0,5,4,0.2861948692289816,0.3137981990973155,0.2999965341631485
0,821.0,5,5,0.2999965341631485,0.3660551806290944,0.3330258573961214
0,821.0,5,17,0.3330258573961214,0.187242329120636,0.2601340932583786
0,821.0,5,46,0.2601340932583786,0.2918388187885284,0.2759864560234535
0,821.0,5,54,0.2759864560234535,0.2617516219615936,0.2688690389925235
0,821.0,5,73,0.2688690389925235,0.2438666112720966,0.25636782513231
0,821.0,5,82,0.25636782513231,0.2927426666021347,0.2745552458672223
0,821.0,5,84,0.2745552458672223,0.3729757070541382,0.3237654764606802
0,821.0,5,100,0.3237654764606802,0.3146131671965122,0.3191893218285962
0,822.0,10,2,0.3277110871206131,0.2500039537747701,0.2888575204476916
0,822.0,10,7,0.2888575204476916,0.4719242006540298,0.3803908605508607
0,822.0,10,27,0.3803908605508607,0.2781803799527032,0.329285620251782
0,822.0,10,33,0.329285620251782,0.2837603688240051,0.3065229945378935
0,822.0,10,50,0.3065229945378935,0.2638162424166997,0.2851696184772966
0,822.0,10,87,0.2851696184772966,0.3416953186194102,0.3134324685483534
0,822.0,10,88,0.3134324685483534,0.3044187501072883,0.3089256093278208
0,822.0,10,90,0.3089256093278208,0.2097923308610916,0.2593589700944562
0,825.0,10,91,0.2593589700944562,0.3989622443914413,0.3291606072429487
0,826.0,10,9,0.3291606072429487,0.3671511933207512,0.3481559002818499
0,827.0,10,23,0.3481559002818499,0.3785179257392883,0.3633369130105691
0,827.0,10,48,0.3633369130105691,0.4489454627037048,0.4061411878571369
0,827.0,10,99,0.4061411878571369,0.3944080599716731,0.400274623914405
0,829.0,22,4,0.3140087173453398,0.2550281174480915,0.2845184173967157
0,829.0,22,5,0.2845184173967157,0.2102753072977066,0.2473968623472111
0,829.0,22,17,0.2473968623472111,0.2126009166240692,0.2299988894856401
0,829.0,22,19,0.2299988894856401,0.2734172344207763,0.2517080619532082
0,829.0,22,46,0.2517080619532082,0.2716009974479675,0.2616545297005879
0,829.0,22,54,0.2616545297005879,0.2147381256024042,0.238196327651496
0,829.0,22,73,0.238196327651496,0.206748753786087,0.2224725407187915
0,829.0,22,82,0.2224725407187915,0.2016405284404754,0.2120565345796334
0,829.0,22,84,0.2120565345796334,0.2684492439031601,0.2402528892413967
0,829.0,22,89,0.2402528892413967,0.2480832437674204,0.2441680665044086
0,829.0,22,100,0.2441680665044086,0.2122694551944732,0.2282187608494409
0,831.0,11,99,0.0,0.3110816531947681,0.155540826597384
0,832.0,8,19,0.2998328126528663,0.1976553350687027,0.2487440738607845
0,832.0,8,20,0.2487440738607845,0.202829306324323,0.2257866900925537
0,832.0,8,39,0.2257866900925537,0.3796785026788711,0.3027325963857124
0,832.0,8,48,0.3027325963857124,0.3300220370292663,0.3163773167074893
0,832.0,8,61,0.3163773167074893,0.1629844158887863,0.2396808662981378
0,832.0,8,63,0.2396808662981378,0.2174914330244064,0.2285861496612721
0,832.0,8,65,0.2285861496612721,0.2058333232998848,0.2172097364805784
0,832.0,8,67,0.2172097364805784,0.1719431057572364,0.1945764211189074
0,832.0,8,95,0.1945764211189074,0.2276373118162155,0.2111068664675614
0,832.0,8,99,0.2111068664675614,0.3079120516777038,0.2595094590726326
0,833.0,22,15,0.2282187608494409,0.2573724091053009,0.2427955849773709
0,833.0,22,20,0.2427955849773709,0.4190000891685486,0.3308978370729597
0,833.0,22,23,0.3308978370729597,0.390373428662618,0.3606356328677889
0,833.0,22,38,0.3606356328677889,0.3392500430345535,0.3499428379511712
0,833.0,22,48,0.3499428379511712,0.255900889635086,0.3029218637931286
0,833.0,22,60,0.3029218637931286,0.3618891835212707,0.3324055236571996
0,833.0,22,72,0.3324055236571996,0.2835722975432873,0.3079889106002434
0,834.0,16,6,0.4650655959882331,0.5180329084396362,0.4915492522139346
0,834.0,16,34,0.4915492522139346,0.5087394913037618,0.5001443717588482
0,834.0,16,74,0.5001443717588482,0.5514384706815084,0.5257914212201783
0,835.0,16,6,0.5257914212201783,0.4677583873271942,0.4967749042736862
0,835.0,16,24,0.4967749042736862,0.5434793631235758,0.5201271336986311
0,835.0,16,34,0.5201271336986311,0.6116679608821869,0.565897547290409
0,835.0,16,43,0.565897547290409,0.3983816107114156,0.4821395790009123
0,835.0,16,47,0.4821395790009123,0.4383505384127299,0.4602450587068211
0,835.0,16,95,0.4602450587068211,0.4419796824455261,0.4511123705761736
0,836.0,22,11,0.3079889106002434,0.2519196892778079,0.2799542999390256
0,836.0,22,21,0.2799542999390256,0.2582397870719433,0.2690970435054844
0,837.0,22,14,0.2690970435054844,0.245056015253067,0.2570765293792757
0,838.0,22,46,0.2570765293792757,0.3059554070234299,0.2815159682013528
0,838.0,22,73,0.2815159682013528,0.2548384591937065,0.2681772136975296
0,838.0,22,82,0.2681772136975296,0.2730518877506256,0.2706145507240776
0,838.0,22,84,0.2706145507240776,0.287388288974762,0.2790014198494198
0,839.0,22,25,0.2790014198494198,0.2130028903484344,0.2460021550989271
0,839.0,22,83,0.2460021550989271,0.179389476776123,0.212695815937525
0,840.0,22,9,0.212695815937525,0.2926704615354538,0.2526831387364894
0,840.0,22,22,0.2526831387364894,0.2116544644037882,0.2321688015701388
0,840.0,22,29,0.2321688015701388,0.228295107682546,0.2302319546263423
0,840.0,22,37,0.2302319546263423,0.4275858004887898,0.3289088775575661
0,840.0,22,39,0.3289088775575661,0.2594740589459737,0.2941914682517699
0,840.0,22,69,0.2941914682517699,0.3376133948564529,0.3159024315541114
0,840.0,22,81,0.3159024315541114,0.2767400339245796,0.2963212327393455
0,840.0,22,91,0.2963212327393455,0.3044849236806233,0.3004030782099844
0,842.0,14,15,0.3540047085772591,0.4503807425498962,0.4021927255635776
0,842.0,14,23,0.4021927255635776,0.2287417997916539,0.3154672626776157
0,842.0,14,38,0.3154672626776157,0.3297026827931404,0.322584972735378
0,842.0,14,48,0.322584972735378,0.5333893597126007,0.4279871662239893
0,843.0,14,15,0.4279871662239893,0.4326852758725484,0.4303362210482688
0,843.0,14,20,0.4303362210482688,0.2953080385923385,0.3628221298203037
0,843.0,14,21,0.3628221298203037,0.247569461663564,0.3051957957419339
0,843.0,14,45,0.3051957957419339,0.2552740350365639,0.2802349153892489
0,843.0,14,60,0.2802349153892489,0.2436228133738041,0.2619288643815265
0,843.0,14,72,0.2619288643815265,0.4827428087592125,0.3723358365703695
0,845.0,22,53,0.3004030782099844,0.4994637171427409,0.3999333976763626
0,848.0,22,16,0.3999333976763626,0.3155902922153473,0.3577618449458549
0,848.0,22,37,0.3577618449458549,0.2317703862984975,0.2947661156221762
0,848.0,22,64,0.2947661156221762,0.2074940800666809,0.2511300978444285
0,848.0,22,81,0.2511300978444285,0.169357751806577,0.2102439248255028
0,848.0,22,98,0.2102439248255028,0.2565122097730636,0.2333780672992832
0,850.0,11,9,0.155540826597384,0.5390699257453283,0.3473053761713561
0,850.0,11,39,0.3473053761713561,0.4379318356513977,0.3926186059113769
0,850.0,11,91,0.3926186059113769,0.3331780632336934,0.3628983345725352
0,851.0,17,86,0.4851933897672487,0.5374774634838104,0.5113354266255296
0,851.0,17,98,0.5113354266255296,0.5367604494094849,0.5240479380175072
